time,pyfile,data_shape,random_num,model,model_structure,loss,optimizer,epochs,batch_size,train_second,first loss,last loss,test_loss,r2
2026-09-03 11:36:17,keras12_R2_RMSE_boston.py,"(404, 13)",0,sequential,Dense 10 -> 30 -> 62 -> 48 -> 23 -> 1,mse,adam,150,34,6.0747,1863.46484375,41.846675872802734,40.333831787109375
2026-09-03 11:39:18,keras12_R2_RMSE_boston.py,"(404, 13)",0,sequential,Dense 10 -> 30 -> 62 -> 48 -> 35 -> 15 -> 1,mse,adam,280,50,10.7298,1263.2257080078125,32.081321716308594,35.827369689941406
2026-09-03 11:40:22,keras12_R2_RMSE_boston.py,"(404, 13)",0,sequential,Dense 10 -> 30 -> 62 -> 48 -> 35 -> 15 -> 1,mse,adam,380,50,13.955,6143.43310546875,50.986366271972656,44.2421760559082
2026-09-03 11:41:40,keras12_R2_RMSE_boston.py,"(404, 13)",0,sequential,Dense 10 -> 30 -> 62 -> 48 -> 35 -> 15 -> 1,mse,adam,280,19,13.3109,6620.52587890625,35.13153076171875,32.420196533203125
2026-09-03 13:23:50,keras12_R2_RMSE_boston.py,"(404, 13)",0,sequential,Dense 128 -> 30 -> 62 -> 48 -> 35 -> 15 -> 1,mse,adam,300,20,28.4016,1064.572021484375,27.244657516479492,34.57026672363281,0.584710850482205
2026-09-03 13:39:53,keras12_R2_RMSE_02_california.py,"(16512, 8)",0,sequential,Dense 128 -> 64 -> 32 -> 16 -> 8 -> 4 -> 1,mse,adam,300,150,35.4381,13544.7919921875,0.63628751039505,0.7849316000938416,0.3933969971422051
2026-09-03 13:49:16,keras12_R2_RMSE_03_diabetes.py,"(309, 10)",0,sequential,Dense 128 -> 64 -> 32 -> 16 -> 8 -> 4 -> 2 -> 1,mse,adam,340,30,12.9277,27378.31640625,2951.052001953125,2823.687744140625,0.5283236325999736
2026-09-03 13:50:34,keras12_R2_RMSE_03_diabetes.py,"(309, 10)",0,sequential,Dense 256 -> 128 -> 64 -> 32 -> 16 -> 8 -> 4 -> 2 -> 1,mse,adam,340,23,14.137,27163.123046875,2931.768310546875,3290.932373046875,0.4502737898408732
2026-09-03 13:54:15,keras12_R2_RMSE_02_california.py,"(16512, 8)",0,sequential,Dense 128 -> 64 -> 32 -> 16 -> 8 -> 4 -> 1,mse,adam,300,50,83.5401,15833.640625,0.6320539712905884,0.620106041431427,0.5207760566600557
2026-09-03 14:04:56,keras12_R2_RMSE_02_california.py,"(16512, 8)",0,sequential,Dense 256 -> 128 -> 64 -> 32 -> 16 -> 8 -> 4 -> 2 -> 1,mse,adam,300,50,99.0142,1345.204345703125,0.6261656880378723,0.6298015117645264,0.5132832059450431
2026-09-03 14:06:51,keras12_R2_RMSE_02_california.py,"(16512, 8)",0,sequential,Dense 256 -> 128 -> 64 -> 32 -> 16 -> 8 -> 4 -> 2 -> 1,mse,adam,200,40,79.4775,6109.18359375,0.6320025324821472,0.7293530702590942,0.43634865139618784
2026-09-03 14:09:28,keras12_R2_RMSE_02_california.py,"(16512, 8)",0,sequential,Dense 256 -> 128 -> 64 -> 32 -> 16 -> 8 -> 4 -> 2 -> 1,mse,adam,380,40,140.4764,3711.0380859375,0.6292939782142639,0.6078138947486877,0.5302755212842234
2026-09-03 17:28:14,keras13_ddarung.py,"(929, 9)",49,sequential,Dense 128 -> 30 -> 62 -> 48 -> 35 -> 15 -> 1,mse,adam,300,50,13.7928,24285.91796875,2860.363525390625,2983.89794921875,0.5723566378848316
2026-09-03 17:32:55,keras13_ddarung.py,"(929, 9)",79,sequential,Dense 256 -> 128 -> 64 -> 32 -> 16 -> 8 -> 1,mse,adam,300,5,54.0821,15081.369140625,3050.935791015625,2594.909423828125,0.5641780888647013
2026-09-03 17:34:42,keras13_ddarung.py,"(929, 9)",79,sequential,Dense 256 -> 128 -> 64 -> 32 -> 16 -> 8 -> 1,mse,adam,350,5,61.4375,9327.025390625,3048.376953125,2520.82373046875,0.5766209359018862
2026-09-03 17:36:17,keras13_ddarung.py,"(1062, 9)",79,sequential,Dense 256 -> 128 -> 64 -> 32 -> 16 -> 8 -> 1,mse,adam,350,5,73.0692,9737.8623046875,3039.71826171875,2339.85693359375,0.5955788012119009
2026-09-03 17:38:49,keras13_ddarung.py,"(1195, 9)",79,sequential,Dense 256 -> 128 -> 64 -> 32 -> 16 -> 8 -> 1,mse,adam,380,5,81.84,14850.83984375,2947.9130859375,2428.724853515625,0.5896702406160645
2026-09-04 09:23:41,keras13_ddarung.py,"(1062, 9)",79,sequential,Dense 256 -> 128 -> 64 -> 32 -> 16 -> 8 -> 1,mse,adam,350,5,69.7258,16440.802734375,3164.099365234375,2527.087158203125,0.563217909924572
2026-09-04 10:28:22,keras13_ddarung.py,"(1062, 9)",79,sequential,Dense 256 -> 128 -> 64 -> 32 -> 16 -> 8 -> 1,mse,adam,380,5,76.5678,24338.275390625,3056.392333984375,2422.02392578125,0.5813770560375204
2026-09-04 10:42:19,keras13_ddarung02_submit.py,"(1062, 9)",79,sequential,Dense 256 -> 128 -> 64 -> 32 -> 16 -> 8 -> 1,mse,adam,380,5,77.6484,18762.349609375,3097.028076171875,2334.521484375,0.596501038286988
2026-09-04 13:05:59,keras13_ddarung02_submit_1,"(1062, 9)",79,sequential,Dense 256 -> 128 -> 64 -> 32 -> 16 -> 8 -> 1,mse,adam,380,5,92.5109,21063.66015625,3017.03125,2527.2587890625,0.5718142462331313
2026-09-04 13:10:48,keras13_ddarung02_submit_1,"(1088, 9)",79,sequential,Dense 512 -> 256 -> 128 -> 64 -> 32 -> 16 -> 8 -> 1,mse,adam,380,3,172.2305,46980.83203125,3083.144775390625,2665.0615234375,0.5591970638824211
2026-09-04 13:13:48,keras13_ddarung02_submit_1,"(1088, 9)",79,sequential,Dense 512 -> 256 -> 128 -> 64 -> 32 -> 16 -> 8 -> 1,mse,adam,380,3,175.5357,27132.275390625,2989.11376953125,2848.052490234375,0.528930226037331
2026-09-04 13:25:29,keras13_ddarung02_submit_3(gpt).py,"(1167, 9)",79,sequential,Dense 128 -> 64 -> 32 -> 16 -> 8 -> 1,mse,adam,112,16,13.7244,16872.22265625,721.600830078125,1961.6744384765625,0.7149629215596272
2026-09-04 16:12:11,keras14_kaggle_bike.py,"(8708, 8)",48,sequential,Dense 512 -> 256 -> 128 -> 64 -> 32 -> 16 -> 8 -> 1,mse,adam,3,3,10.745,27742.775390625,25868.60546875,24547.736328125,0.21767932176589966
2026-09-04 16:35:26,keras14_kaggle_bike.py,"(8708, 8)",48,sequential,Dense 512 -> 256 -> 128 -> 64 -> 32 -> 16 -> 8 -> 1,mse,adam,358,3,1382.8715,27477.255859375,24525.9453125,24066.591796875,0.23301297426223755
