time,pyfile,data_shape,random_state,model,model_structure,loss,optimizer,epochs,batch_size,train_second,first_loss,last_loss,last_val_loss,best_val_loss,best_val_epoch,last_accuracy,best_val_accuracy,best_val_acc_epoch,test_loss,test_accuracy,rmse,r2
2026-09-11 14:34:57,keras28_Scaler08_wine.py,"(142, 13)",78,sequential,Dense 100 -> 40 -> 30 -> 20 -> 15 -> 7 -> 3,categorical_crossentropy,adam,861,6,64.7718,0.9904337525367737,0.0,0.0,0.0,661,1.0,1.0,6,0.1838380992412567,0.9444444179534912,,
2026-09-11 14:41:16,keras28_Scaler06_cancer.py,"(455, 30)",78,sequential,Dense 60 -> 50 -> 40 -> 30 -> 20 -> 10 -> 1,binary_crossentropy,adam,42,55,3.6494,0.6816413402557373,0.04173987731337547,0.15595364570617676,0.11159109324216843,22,0.9896373152732849,0.9855072498321533,36,0.073975570499897,0.9736841917037964,,
2026-09-11 15:07:18,keras28_Scaler10_digits.py,"(1437, 64)",78,sequential,Dense 400 -> 250 -> 100 -> 50 -> 40 -> 20 -> 10,categorical_crossentropy,adam,507,17,79.2569,0.8660329580307007,3.5956382760105043e-08,0.856361985206604,0.14879387617111206,7,1.0,0.9861111044883728,7,"[0.14168424904346466, 0.9638888835906982]",,,
2026-09-11 15:10:18,keras28_Scaler01_california.py,"(16512, 8)",78,sequential,Dense 256 -> 128 -> 64 -> 32 -> 8 -> 4 -> 1,mse,adam,100,40,52.4277,0.7861910462379456,0.38988959789276123,0.5121480226516724,0.371965616941452,94,,,,,,,
2026-09-11 15:18:23,keras28_Scaler02_diabetes.py,"(353, 10)",78,sequential,Dense 120 -> 30 -> 48 -> 23 -> 1,mse,adam,232,30,14.1086,27941.330078125,2911.554443359375,2869.978759765625,2806.386474609375,132,,,,,,,
2026-09-11 15:20:00,keras28_Scaler03_boston.py,"(404, 13)",78,sequential,Dense 10 -> 30 -> 62 -> 48 -> 23 -> 1,mse,adam,61,30,4.6405,470.9402770996094,23.425464630126953,32.40510940551758,31.047740936279297,51,,,,,,,
2026-09-11 15:21:16,keras28_Scaler04_dacon_ddarung.py,"(1062, 9)",78,sequential,Dense 256 -> 128 -> 64 -> 32 -> 16 -> 8 -> 1,mse,adam,161,30,14.3408,12390.0751953125,3121.05615234375,2141.37158203125,2123.6083984375,61,,,,,,,
2026-09-11 15:23:57,keras28_Scaler05_kaggle_bike.py,"(8708, 8)",78,sequential,Dense 512 -> 256 -> 128 -> 64 -> 32 -> 16 -> 8 -> 1,mse,adam,229,55,63.291,38093.4609375,17967.681640625,21085.232421875,20665.931640625,179,,,,,,,
2026-09-11 15:24:25,keras28_Scaler06_cancer.py,"(455, 30)",78,sequential,Dense 60 -> 50 -> 40 -> 30 -> 20 -> 10 -> 1,binary_crossentropy,adam,60,55,4.8857,0.6847363114356995,0.05415290966629982,0.11124298721551895,0.08728279173374176,40,0.9818652868270874,0.9855072498321533,34,0.06008222699165344,0.9912280440330505,,
2026-09-11 15:28:17,keras28_Scaler07_santander.py,"(160000, 200)",78,sequential,Dense 800 -> 600 -> 400 -> 200 -> 100 -> 50 -> 1,binary_crossentropy,adam,100,9000,128.3721,0.36736246943473816,0.1307239681482315,0.35461023449897766,0.24079614877700806,20,0.9563202857971191,0.9121562242507935,21,0.2380708009004593,0.9139500260353088,,
2026-09-11 15:29:36,keras28_Scaler08_wine.py,"(142, 13)",78,sequential,Dense 100 -> 40 -> 30 -> 20 -> 15 -> 7 -> 3,categorical_crossentropy,adam,1000,6,74.3443,1.0816466808319092,2.815967015123988e-09,8.042168701649643e-06,4.466225163923809e-06,981,1.0,1.0,12,0.29976019263267517,0.9722222089767456,,
2026-09-11 15:33:23,keras28_Scaler10_digits.py,"(1437, 64)",78,sequential,Dense 400 -> 250 -> 100 -> 50 -> 40 -> 20 -> 10,categorical_crossentropy,adam,515,17,80.4289,1.2756913900375366,1.5581104406692248e-08,0.31452760100364685,0.07462681084871292,15,1.0,0.9861111044883728,7,"[0.1305820643901825, 0.9666666388511658]",,,
2026-09-11 16:22:36,keras28_Scaler09_fetch_covtype.py,"(464809, 54)",78,sequential,Dense 600 -> 500 -> 400 -> 300 -> 200 -> 100 -> 7,categorical_crossentropy,adam,950,80000,2933.0452,1.6735262870788574,0.2645377814769745,0.221792072057724,0.15372967720031738,750,0.8926332592964172,0.9429551959037781,749,"[0.15388223528862, 0.9432200789451599]",,,
2026-09-11 16:25:04,keras28_Scaler01_california.py,"(16512, 8)",78,sequential,Dense 256 -> 128 -> 64 -> 32 -> 8 -> 4 -> 1,mse,adam,100,40,50.3252,0.7646366953849792,0.22794798016548157,0.28705570101737976,0.27937519550323486,49,,,,,,,
2026-09-11 16:44:12,keras28_Scaler02_diabetes.py,"(353, 10)",78,sequential,Dense 120 -> 30 -> 48 -> 23 -> 1,mse,adam,249,30,15.5135,27833.80078125,2887.704833984375,2935.92041015625,2768.682373046875,149,,,,,,,
2026-09-11 16:44:43,keras28_Scaler03_boston.py,"(404, 13)",78,sequential,Dense 10 -> 30 -> 62 -> 48 -> 23 -> 1,mse,adam,37,30,3.155,515.5197143554688,22.214086532592773,27.306718826293945,24.88844108581543,27,,,,,,,
2026-09-11 16:45:18,keras28_Scaler04_dacon_ddarung.py,"(1062, 9)",78,sequential,Dense 256 -> 128 -> 64 -> 32 -> 16 -> 8 -> 1,mse,adam,146,30,14.441,16590.544921875,3073.238037109375,2490.28076171875,2090.86083984375,46,,,,,,,
2026-09-11 16:46:20,keras28_Scaler05_kaggle_bike.py,"(8708, 8)",78,sequential,Dense 512 -> 256 -> 128 -> 64 -> 32 -> 16 -> 8 -> 1,mse,adam,146,55,41.7227,34734.34375,16555.220703125,21656.943359375,20906.7890625,96,,,,,,,
2026-09-11 16:46:35,keras28_Scaler06_cancer.py,"(455, 30)",78,sequential,Dense 60 -> 50 -> 40 -> 30 -> 20 -> 10 -> 1,binary_crossentropy,adam,32,55,3.0334,0.593797504901886,0.0021971093956381083,0.3409969210624695,0.05579596757888794,12,1.0,0.9710144996643066,5,0.07196343690156937,0.9912280440330505,,
2026-09-11 16:47:17,keras28_Scaler08_wine.py,"(142, 13)",78,sequential,Dense 100 -> 40 -> 30 -> 20 -> 15 -> 7 -> 3,categorical_crossentropy,adam,205,6,16.3893,0.9014715552330017,3.2045363695942797e-06,0.061362218111753464,0.015430481173098087,5,1.0,1.0,1,0.11186962574720383,0.9722222089767456,,
2026-09-11 16:48:36,keras28_Scaler08_wine.py,"(142, 13)",78,sequential,Dense 100 -> 40 -> 30 -> 20 -> 15 -> 7 -> 3,categorical_crossentropy,adam,921,6,69.0777,1.0587605237960815,2.385787411185447e-06,1.8911860024672933e-05,7.629377023476991e-07,721,1.0,1.0,3,0.1307295560836792,0.9722222089767456,,
2026-09-11 16:50:46,keras28_Scaler10_digits.py,"(1437, 64)",78,sequential,Dense 400 -> 250 -> 100 -> 50 -> 40 -> 20 -> 10,categorical_crossentropy,adam,506,17,78.1279,1.2481666803359985,2.673680654652344e-08,0.5602460503578186,0.19722945988178253,6,1.0,0.9722222089767456,272,"[0.12144020199775696, 0.9722222089767456]",,,
2026-09-11 17:02:13,keras28_Scaler09_fetch_covtype.py,"(464809, 54)",78,sequential,Dense 500 -> 400 -> 300 -> 200 -> 100 -> 50 -> 7,categorical_crossentropy,adam,329,80000,650.8628,0.7729617953300476,0.0340413898229599,0.1625649631023407,0.1252860426902771,129,0.9865589737892151,0.9615649580955505,319,"[0.12627360224723816, 0.95650714635849]",,,
2026-09-11 17:33:14,keras29_2_load_model.py,"(16512, 8)",78,sequential,Dense 256 -> 128 -> 64 -> 32 -> 8 -> 4 -> 1,mse,adam,100,40,50.1553,0.6389006972312927,0.2416726052761078,0.3013613820075989,0.27712690830230713,79,,,,,,,
2026-09-11 17:39:42,keras29_3_save_model2.py,"(16512, 8)",78,sequential,Dense 256 -> 128 -> 64 -> 32 -> 8 -> 4 -> 1,mse,adam,100,40,51.4405,0.8953499794006348,0.23941010236740112,0.2924270033836365,0.27634021639823914,50,,,,,,,
